home,collection,genus,species,commonName,family,accession,provenance
BBG,Bonsai,Quercus,alba,White Oak,Fagaceae,20120634,W
BBG,Bonsai,Quercus,alba,White Oak,Fagaceae,20120635,W
BBG,Bonsai,Quercus,bicolor,Swamp White Oak,Fagaceae,20120591,W*
BBG,Bonsai,Quercus,bicolor,Swamp White Oak,Fagaceae,20120592,W*
BBG,Bonsai,Quercus,× brittonii,Hybrid Oak,Fagaceae,20120643,W
BBG,Bonsai,Quercus,× brittonii,Hybrid Oak,Fagaceae,20120644,W
BBG,Bonsai,Quercus,chrysolepis,Canyon Oak,Fagaceae,880582,W
BBG,Bonsai,Quercus,dentata,Daimyo Oak,Fagaceae,250012,U
BBG,Bonsai,Quercus,dentata,Daimyo Oak,Fagaceae,X00592,U
BBG,Bonsai,Quercus,dentata,Daimyo Oak,Fagaceae,X02723,U
BBG,Bonsai,Quercus,palustris,Pin Oak,Fagaceae,20120636,W
BBG,Bonsai,Quercus,palustris,Pin Oak,Fagaceae,20120637,W
BBG,Bonsai,Quercus,palustris,Pin Oak,Fagaceae,20120638,W
BBG,Bonsai,Quercus,palustris,Pin Oak,Fagaceae,20120639,W
BBG,Bonsai,Quercus,prinoides,Dwarf Chinkapin Oak,Fagaceae,20120577,W*
BBG,Bonsai,Quercus,prinoides,Dwarf Chinkapin Oak,Fagaceae,20120640,W
BBG,Bonsai,Quercus,robur,English Oak,Fagaceae,20100985,G
BBG,Bonsai,Quercus,robur,English Oak,Fagaceae,20100986,G
BBG,Bonsai,Quercus,rubra,Red Oak,Fagaceae,20120641,W
BBG,Bonsai,Quercus,rubra,Red Oak,Fagaceae,20120642,W
BBG,Boundary Plantings,Quercus,dentata,Daimyo Oak,Fagaceae,X00311,U
BBG,Boundary Plantings,Quercus,glandulifera var. brevipedunculata,,Fagaceae,X00293,U
BBG,Boundary Plantings,Quercus,robur,English Oak,Fagaceae,X00309,U
BBG,Boundary Plantings,Quercus,rubra,Red Oak,Fagaceae,X02609,U
BBG,Boundary Plantings,Quercus,variabilis,Oriental Oak,Fagaceae,670821,G
BBG,Cherry Esplanade,Quercus,coccinea,Scarlet Oak,Fagaceae,20020260,G
BBG,Cherry Esplanade,Quercus,coccinea,Scarlet Oak,Fagaceae,20030200,G
BBG,Cherry Esplanade,Quercus,coccinea,Scarlet Oak,Fagaceae,20040598,G
BBG,Cherry Esplanade,Quercus,coccinea,Scarlet Oak,Fagaceae,20070243,G
BBG,Cherry Esplanade,Quercus,coccinea,Scarlet Oak,Fagaceae,20150145,G
BBG,Discovery Garden,Quercus,acutissima,Sawtooth Oak,Fagaceae,20160171,G
BBG,Discovery Garden,Quercus,alba,White Oak,Fagaceae,20170380,W
BBG,Discovery Garden,Quercus,bicolor,Swamp White Oak,Fagaceae,X01465,U
BBG,Discovery Garden,Quercus,macrocarpa,Bur Oak,Fagaceae,X01464,U
BBG,Discovery Garden,Quercus,montana,Chestnut Oak,Fagaceae,20170381,W
BBG,Discovery Garden,Quercus,rubra,Red Oak,Fagaceae,20140674,G
BBG,Entry Garden,Quercus,acutissima,Sawtooth Oak,Fagaceae,20140690,G
BBG,Entry Garden,Quercus,macrocarpa,Bur Oak,Fagaceae,20160169,G
BBG,Entry Garden,Quercus,palustris,Pin Oak,Fagaceae,290002,U
BBG,Greenhouse Workhouses,Quercus,ilex,Holly Oak,Fagaceae,980849,W
BBG,Greenhouse Workhouses,Quercus,suber,Cork Oak,Fagaceae,20001411,G
BBG,Native Flora Garden,Quercus,alba,White Oak,Fagaceae,20080247,G
BBG,Native Flora Garden,Quercus,alba,White Oak,Fagaceae,X10165,U
BBG,Native Flora Garden,Quercus,bicolor,Swamp White Oak,Fagaceae,20101101,W*
BBG,Native Flora Garden,Quercus,bicolor,Swamp White Oak,Fagaceae,20110392,W
BBG,Native Flora Garden,Quercus,coccinea,Scarlet Oak,Fagaceae,X10122,U
BBG,Native Flora Garden,Quercus,coccinea,Scarlet Oak,Fagaceae,X10123,U
BBG,Native Flora Garden,Quercus,coccinea,Scarlet Oak,Fagaceae,X10153,U
BBG,Native Flora Garden,Quercus,coccinea,Scarlet Oak,Fagaceae,X10181,U
BBG,Native Flora Garden,Quercus,coccinea,Scarlet Oak,Fagaceae,X10183,U
BBG,Native Flora Garden,Quercus,coccinea,Scarlet Oak,Fagaceae,X10184,U
BBG,Native Flora Garden,Quercus,coccinea,Scarlet Oak,Fagaceae,X10194,U
BBG,Native Flora Garden,Quercus,coccinea,Scarlet Oak,Fagaceae,X10206,U
BBG,Native Flora Garden,Quercus,× heterophylla,Bartram Oak,Fagaceae,X10151,U
BBG,Native Flora Garden,Quercus,ilicifolia,Bear Oak,Fagaceae,20120751,G
BBG,Native Flora Garden,Quercus,ilicifolia,Bear Oak,Fagaceae,830013,U
BBG,Native Flora Garden,Quercus,marilandica,Blackjack Oak,Fagaceae,20010458,W
BBG,Native Flora Garden,Quercus,marilandica,Blackjack Oak,Fagaceae,20085372,W
BBG,Native Flora Garden,Quercus,marilandica var. marilandica,Blackjack Oak,Fagaceae,20120743,G
BBG,Native Flora Garden,Quercus,muehlenbergii,Yellow Chestnut Oak,Fagaceae,X10108,U
BBG,Native Flora Garden,Quercus,muehlenbergii,Yellow Chestnut Oak,Fagaceae,X10171,U
BBG,Native Flora Garden,Quercus,palustris,Pin Oak,Fagaceae,X10045,U
BBG,Native Flora Garden,Quercus,palustris,Pin Oak,Fagaceae,X10128,U
BBG,Native Flora Garden,Quercus,palustris,Pin Oak,Fagaceae,X10255,U
BBG,Native Flora Garden,Quercus,prinus,Basket Oak,Fagaceae,20010106,W
BBG,Native Flora Garden,Quercus,rubra,Red Oak,Fagaceae,X10083,U
BBG,Native Flora Garden,Quercus,rubra,Red Oak,Fagaceae,X10102,U
BBG,Native Flora Garden,Quercus,rubra,Red Oak,Fagaceae,X10154,U
BBG,Native Flora Garden,Quercus,rubra,Red Oak,Fagaceae,X10178,U
BBG,Native Flora Garden,Quercus,rubra,Red Oak,Fagaceae,X10179,U
BBG,Native Flora Garden,Quercus,rubra,Red Oak,Fagaceae,X10180,U
BBG,Native Flora Garden,Quercus,rubra,Red Oak,Fagaceae,X10196,U
BBG,Native Flora Garden,Quercus,rubra,Red Oak,Fagaceae,X10197,U
BBG,Native Flora Garden,Quercus,rubra,Red Oak,Fagaceae,X10198,U
BBG,Native Flora Garden,Quercus,rubra,Red Oak,Fagaceae,X10199,U
BBG,Native Flora Garden,Quercus,rubra,Red Oak,Fagaceae,X10202,U
BBG,Native Flora Garden,Quercus,rubra,Red Oak,Fagaceae,X10204,U
BBG,Native Flora Garden,Quercus,rubra,Red Oak,Fagaceae,X10205,U
BBG,Native Flora Garden,Quercus,stellata,Post Oak,Fagaceae,X10511,U
BBG,Native Flora Garden,Quercus,velutina,Black Oak,Fagaceae,X10016,U
BBG,Native Flora Garden,Quercus,velutina,Black Oak,Fagaceae,X10200,U
BBG,Native Flora Garden,Quercus,velutina,Black Oak,Fagaceae,X10203,U
BBG,Nursery,Quercus,aliena var. acuteserrata,,Fagaceae,20150787,W
BBG,Nursery,Quercus,bicolor,Swamp White Oak,Fagaceae,X10358,W
BBG,Nursery,Quercus,× brittonii,Hybrid Oak,Fagaceae,20180756,W
BBG,Nursery,Quercus,coccinea,Scarlet Oak,Fagaceae,20161158,W
BBG,Nursery,Quercus,× heterophylla,Bartram Oak,Fagaceae,20161268,W
BBG,Nursery,Quercus,iberica,Durmast Oak,Fagaceae,20140726,W
BBG,Nursery,Quercus,ilex,Holly Oak,Fagaceae,20140730,W
BBG,Nursery,Quercus,imbricaria,Shingle Oak,Fagaceae,20140725,W
BBG,Nursery,Quercus,× ludoviciana,Louisiana Oak,Fagaceae,20180760,W
BBG,Nursery,Quercus,marilandica,Blackjack Oak,Fagaceae,20161159,W
BBG,Nursery,Quercus,montana,Chestnut Oak,Fagaceae,20110377,W
BBG,Nursery,Quercus,myrsinifolia,Japanese Live Oak,Fagaceae,20140739,G
BBG,Nursery,Quercus,phellos,Willow Oak,Fagaceae,20140728,W
BBG,Nursery,Quercus,prinoides,Dwarf Chinkapin Oak,Fagaceae,20161267,W
BBG,Nursery,Quercus,× schochiana,Hybrid Oak,Fagaceae,X10356,W
BBG,Nursery,Quercus,stellata,Post Oak,Fagaceae,X10357,U
BBG,Nursery,Quercus,virginiana,American Live Oak,Fagaceae,20140736,G
BBG,Nursery,Quercus,virginiana,American Live Oak,Fagaceae,20140737,W
BBG,Nursery,Quercus,virginiana,American Live Oak,Fagaceae,20140738,W
BBG,Osborne Garden,Quercus,acutissima,Sawtooth Oak,Fagaceae,X02456,U
BBG,Osborne Garden,Quercus,coccinea,Scarlet Oak,Fagaceae,X02432,U
BBG,Osborne Garden,Quercus,myrsinifolia,Japanese Live Oak,Fagaceae,20140734,G
BBG,Osborne Garden,Quercus,palustris,Pin Oak,Fagaceae,X01550,U
BBG,Osborne Garden,Quercus,palustris,Pin Oak,Fagaceae,X02433,U
BBG,Osborne Garden,Quercus,palustris,Pin Oak,Fagaceae,X02455,U
BBG,Osborne Garden,Quercus,palustris,Pin Oak,Fagaceae,X02457,U
BBG,Osborne Garden,Quercus,palustris,Pin Oak,Fagaceae,X03364,U
BBG,Plant Family Collection,Quercus,acutissima,Sawtooth Oak,Fagaceae,310002,U
BBG,Plant Family Collection,Quercus,alba,White Oak,Fagaceae,20180242,G
BBG,Plant Family Collection,Quercus,bicolor,Swamp White Oak,Fagaceae,X00102,U
BBG,Plant Family Collection,Quercus,castaneifolia,Chestnut-Leaved Oak,Fagaceae,X00874,U
BBG,Plant Family Collection,Quercus,cerris,Turkey Oak,Fagaceae,250002,U
BBG,Plant Family Collection,Quercus,× hawkinsiae,Hybrid Oak,Fagaceae,X00088,U
BBG,Plant Family Collection,Quercus,imbricaria,Shingle Oak,Fagaceae,20190061,G
BBG,Plant Family Collection,Quercus,libani,Lebanon Oak,Fagaceae,20001434,G
BBG,Plant Family Collection,Quercus,lyrata,Overcup Oak,Fagaceae,150003,G
BBG,Plant Family Collection,Quercus,macrocarpa,Bur Oak,Fagaceae,20040599,G
BBG,Plant Family Collection,Quercus,macrocarpa,Bur Oak,Fagaceae,240003,G
BBG,Plant Family Collection,Quercus,macrocarpa,Bur Oak,Fagaceae,X00058,U
BBG,Plant Family Collection,Quercus,macrocarpa,Bur Oak,Fagaceae,X00059,U
BBG,Plant Family Collection,Quercus,palustris,Pin Oak,Fagaceae,X00060,U
BBG,Plant Family Collection,Quercus,palustris,Pin Oak,Fagaceae,X00085,U
BBG,Plant Family Collection,Quercus,palustris,Pin Oak,Fagaceae,X00086,U
BBG,Plant Family Collection,Quercus,palustris,Pin Oak,Fagaceae,X00087,U
BBG,Plant Family Collection,Quercus,palustris,Pin Oak,Fagaceae,X00089,U
BBG,Plant Family Collection,Quercus,palustris,Pin Oak,Fagaceae,X00090,U
BBG,Plant Family Collection,Quercus,palustris,Pin Oak,Fagaceae,X00091,U
BBG,Plant Family Collection,Quercus,palustris,Pin Oak,Fagaceae,X01425,U
BBG,Plant Family Collection,Quercus,palustris,Pin Oak,Fagaceae,X01426,U
BBG,Plant Family Collection,Quercus,robur,English Oak,Fagaceae,X01389,U
BBG,Plant Family Collection,Quercus,robur,English Oak,Fagaceae,X01427,U
BBG,Plant Family Collection,Quercus,× saulii,Saul's Oak,Fagaceae,20061056,G
BBG,Plant Family Collection,Quercus,× schochiana,Hybrid Oak,Fagaceae,200002,W
BBG,Plant Family Collection,Quercus,× schuettei,Hybrid Oak,Fagaceae,X00153,U
BBG,Plant Family Collection,Quercus,serrata,Konara Oak,Fagaceae,120006,W
BBG,Rock Garden,Quercus,palustris,Pin Oak,Fagaceae,X01017,U
BBG,Rock Garden,Quercus,palustris,Pin Oak,Fagaceae,X01018,U
BBG,Streetscape,Quercus,acutissima,Sawtooth Oak,Fagaceae,980496,G
BBG,Streetscape,Quercus,bicolor,Swamp White Oak,Fagaceae,20040600,G
BBG,Streetscape,Quercus,palustris,Pin Oak,Fagaceae,660660,G
BBG,Streetscape,Quercus,palustris,Pin Oak,Fagaceae,700092,G
BBG,Streetscape,Quercus,palustris,Pin Oak,Fagaceae,830232,G
BBG,Streetscape,Quercus,palustris,Pin Oak,Fagaceae,871626,G
BBG,Streetscape,Quercus,palustris,Pin Oak,Fagaceae,X02721,U
BBG,Streetscape,Quercus,palustris,Pin Oak,Fagaceae,X03370,U
BBG,Visitor Center,Quercus,macrocarpa,Bur Oak,Fagaceae,20170365,G
BBG,Warm Temperate Pavilion,Quercus,suber,Cork Oak,Fagaceae,700247,U
BBG,Water Garden,Quercus,bicolor,Swamp White Oak,Fagaceae,20190058,G
BBG,Water Garden,Quercus,imbricaria,Shingle Oak,Fagaceae,20160174,G
BBG,Water Garden,Quercus,michauxii,Swamp Chestnut Oak,Fagaceae,20160177,G
BBG,Water Garden,Quercus,palustris,Pin Oak,Fagaceae,X01477,U
BBG,Water Garden,Quercus,palustris,Pin Oak,Fagaceae,X01478,U
BBG,Water Garden,Quercus,palustris,Pin Oak,Fagaceae,X01484,U
BBG,Water Garden,Quercus,palustris,Pin Oak,Fagaceae,X01510,U
BBG,Water Garden,Quercus,palustris,Pin Oak,Fagaceae,X01512,U
BBG,Water Garden,Quercus,palustris,Pin Oak,Fagaceae,X01514,U
BBG,Woodland Garden,Quercus,alba,White Oak,Fagaceae,X01123,U
BBG,Woodland Garden,Quercus,bicolor,Swamp White Oak,Fagaceae,110001,G
BBG,Woodland Garden,Quercus,palustris,Pin Oak,Fagaceae,630644,G
BBG,Woodland Garden,Quercus,palustris,Pin Oak,Fagaceae,X01120,U
BBG,Woodland Garden,Quercus,palustris,Pin Oak,Fagaceae,X01121,U
BBG,Woodland Garden,Quercus,palustris,Pin Oak,Fagaceae,X01122,U
BBG,Woodland Garden,Quercus,palustris,Pin Oak,Fagaceae,X01124,U
BBG,Woodland Garden,Quercus,palustris,Pin Oak,Fagaceae,X01125,U
BBG,Woodland Garden,Quercus,palustris,Pin Oak,Fagaceae,X01126,U
BBG,Woodland Garden,Quercus,palustris,Pin Oak,Fagaceae,X01127,U
BBG,Woodland Garden,Quercus,palustris,Pin Oak,Fagaceae,X01128,U
BBG,Woodland Garden,Quercus,palustris,Pin Oak,Fagaceae,X01129,U
BBG,Woodland Garden,Quercus,palustris,Pin Oak,Fagaceae,X01130,U
BBG,Woodland Garden,Quercus,palustris,Pin Oak,Fagaceae,X01131,U
BBG,Woodland Garden,Quercus,palustris,Pin Oak,Fagaceae,X01132,U
BBG,Woodland Garden,Quercus,palustris,Pin Oak,Fagaceae,X01133,U
BBG,Woodland Garden,Quercus,palustris,Pin Oak,Fagaceae,X01134,U
BBG,Woodland Garden,Quercus,rubra,Red Oak,Fagaceae,160004,G
BBG,Woodland Garden,Quercus,stellata,Post Oak,Fagaceae,160007,G
BBG,Woodland Garden,Quercus,velutina,Black Oak,Fagaceae,160005,G
BBG,Plant Family Collection,Acer,buergerianum,Trident Maple,Sapindaceae,20000041,G
BBG,Bonsai,Acer,buergerianum,Trident Maple,Sapindaceae,20010001,G
BBG,Bonsai,Acer,buergerianum,Trident Maple,Sapindaceae,20020465,G
BBG,Bonsai,Acer,buergerianum,Trident Maple,Sapindaceae,20020467,G
BBG,Bonsai,Acer,buergerianum,Trident Maple,Sapindaceae,20020470,G
BBG,Phase 3B,Acer,buergerianum,Trident Maple,Sapindaceae,20190148,G
BBG,Phase 3B,Acer,buergerianum,Trident Maple,Sapindaceae,20190430,G
BBG,Bonsai,Acer,buergerianum,Trident Maple,Sapindaceae,571826,G
BBG,Bonsai,Acer,buergerianum,Trident Maple,Sapindaceae,610563,G
BBG,Boundary Plantings,Acer,buergerianum,Trident Maple,Sapindaceae,820239,G
BBG,Bonsai,Acer,buergerianum,Trident Maple,Sapindaceae,X00398,U
BBG,Bonsai,Acer,buergerianum,Trident Maple,Sapindaceae,X00916,U
BBG,Boundary Plantings,Acer,buergerianum Mino Yatsubusa',Trident Maple,Sapindaceae,800488,G
BBG,Japanese Hill-and-Pond Garden,Acer,buergerianum Naruto',Trident Maple,Sapindaceae,800487,G
BBG,Phase 3B,Acer,campestre,Hedge Maple,Sapindaceae,20190184,G
BBG,Bonsai,Acer,campestre,Hedge Maple,Sapindaceae,X00481,U
BBG,Phase 3B,Acer,carpinifolium,Hornbeam Maple,Sapindaceae,20190185,G
BBG,Plant Family Collection,Acer,carpinifolium,Hornbeam Maple,Sapindaceae,X01678,U
BBG,Phase 3B,Acer,caudatum subsp. ukurunduense,Ukurundu Maple,Sapindaceae,20190186,G
BBG,Phase 3B,Acer,cissifolium,Ivy-Leaved Maple,Sapindaceae,20190187,G
BBG,Plant Family Collection,Acer,cissifolium,Ivy-Leaved Maple,Sapindaceae,770161,U
BBG,Nursery,Acer,davidii,Striped-Bark Maple,Sapindaceae,20150100,W
BBG,Phase 3B,Acer,davidii,Striped-Bark Maple,Sapindaceae,20190188,G
BBG,Phase 3B,Acer,davidii subsp. grosseri Dawes Emerald Tiger',Snakebark Maple,Sapindaceae,20190180,G
BBG,Plant Family Collection,Acer,diabolicum,Horned Maple,Sapindaceae,770162,U
BBG,Nursery,Acer,griseum,Paperbark Maple,Sapindaceae,20161315,G
BBG,Phase 3B,Acer,griseum,Paperbark Maple,Sapindaceae,20190149,G
BBG,Phase 3B,Acer,griseum,Paperbark Maple,Sapindaceae,20190174,G
BBG,Plant Family Collection,Acer,griseum,Paperbark Maple,Sapindaceae,810187,G
BBG,Phase 3B,Acer,griseum × maximowiczianum,Girard’s Hybrid Paperbark Maple,Sapindaceae,20190189,G
BBG,Boundary Plantings,Acer,henryi,Maple,Sapindaceae,20150101,W
BBG,Boundary Plantings,Acer,henryi,Maple,Sapindaceae,730265,U
BBG,Japanese Hill-and-Pond Garden,Acer,japonicum Aconitifolium',Full-Moon Maple,Sapindaceae,20000333,G
BBG,Nursery,Acer,japonicum Aconitifolium',Full-Moon Maple,Sapindaceae,20140341,U
BBG,Phase 3B,Acer,japonicum Aconitifolium',Full-Moon Maple,Sapindaceae,20190205,G
BBG,Japanese Hill-and-Pond Garden,Acer,japonicum Aconitifolium',Full-Moon Maple,Sapindaceae,X01946,U
BBG,Nursery,Acer,japonicum Aka-omote',Full-Moon Maple,Sapindaceae,20190114,G
BBG,Osborne Garden,Acer,japonicum Itaya',Full-Moon Maple,Sapindaceae,620409,G
BBG,Plant Family Collection,Acer,mandshuricum,Manchurian Maple,Sapindaceae,930627,G
BBG,Phase 3B,Acer,maximowiczianum,Nikko Maple,Sapindaceae,20190181,G
BBG,Phase 3B,Acer,miyabei State Street = Morton',Miyabe’s Maple,Sapindaceae,20190338,G
BBG,Nursery,Acer,mono,Mono Maple,Sapindaceae,20090853,G
BBG,Plant Family Collection,Acer,monspessulanum,Montpellier Maple,Sapindaceae,861286,U
BBG,Native Flora Garden,Acer,negundo,Box Elder,Sapindaceae,20070001,W
BBG,Native Flora Garden,Acer,negundo,Box Elder,Sapindaceae,20090067,W
BBG,Boundary Plantings,Acer,negundo,Box Elder,Sapindaceae,700130,G
BBG,Native Flora Garden,Acer,negundo,Box Elder,Sapindaceae,X10106,U
BBG,Plant Family Collection,Acer,negundo Flamingo',Box Elder,Sapindaceae,910503,G
BBG,Plant Family Collection,Acer,nipponicum,Maple,Sapindaceae,861247,W
BBG,Bonsai,Acer,palmatum,Japanese Maple,Sapindaceae,20000881,G
BBG,Bonsai,Acer,palmatum,Japanese Maple,Sapindaceae,20000882,G
BBG,Bonsai,Acer,palmatum,Japanese Maple,Sapindaceae,20000883,G
BBG,Japanese Hill-and-Pond Garden,Acer,palmatum,Japanese Maple,Sapindaceae,20010213,G
BBG,Bonsai,Acer,palmatum,Japanese Maple,Sapindaceae,20020469,G
BBG,Bonsai,Acer,palmatum,Japanese Maple,Sapindaceae,20040540,G
BBG,Bonsai,Acer,palmatum,Japanese Maple,Sapindaceae,20061019,G
BBG,Bonsai,Acer,palmatum,Japanese Maple,Sapindaceae,250013,U
BBG,Bonsai,Acer,palmatum,Japanese Maple,Sapindaceae,720207,G
BBG,Bonsai,Acer,palmatum,Japanese Maple,Sapindaceae,720210,G
BBG,Bonsai,Acer,palmatum,Japanese Maple,Sapindaceae,870297,G
BBG,Bonsai,Acer,palmatum,Japanese Maple,Sapindaceae,990545,G
BBG,Bonsai,Acer,palmatum,Japanese Maple,Sapindaceae,990546,G
BBG,Bonsai,Acer,palmatum,Japanese Maple,Sapindaceae,X00385,U
BBG,Bonsai,Acer,palmatum,Japanese Maple,Sapindaceae,X00393,U
BBG,Bonsai,Acer,palmatum,Japanese Maple,Sapindaceae,X00443,U
BBG,Bonsai,Acer,palmatum,Japanese Maple,Sapindaceae,X00456,U
BBG,Bonsai,Acer,palmatum,Japanese Maple,Sapindaceae,X00747,U
BBG,Bonsai,Acer,palmatum,Japanese Maple,Sapindaceae,X00917,U
BBG,Rock Garden,Acer,palmatum,Japanese Maple,Sapindaceae,X01020,U
BBG,Japanese Hill-and-Pond Garden,Acer,palmatum,Japanese Maple,Sapindaceae,X01924,U
BBG,Japanese Hill-and-Pond Garden,Acer,palmatum,Japanese Maple,Sapindaceae,X01925,U
BBG,Japanese Hill-and-Pond Garden,Acer,palmatum,Japanese Maple,Sapindaceae,X01926,U
BBG,Japanese Hill-and-Pond Garden,Acer,palmatum,Japanese Maple,Sapindaceae,X01927,U
BBG,Japanese Hill-and-Pond Garden,Acer,palmatum,Japanese Maple,Sapindaceae,X01928,U
BBG,Japanese Hill-and-Pond Garden,Acer,palmatum,Japanese Maple,Sapindaceae,X01929,U
BBG,Japanese Hill-and-Pond Garden,Acer,palmatum,Japanese Maple,Sapindaceae,X01931,U
BBG,Japanese Hill-and-Pond Garden,Acer,palmatum,Japanese Maple,Sapindaceae,X01932,U
BBG,Japanese Hill-and-Pond Garden,Acer,palmatum,Japanese Maple,Sapindaceae,X01953,U
BBG,Japanese Hill-and-Pond Garden,Acer,palmatum,Japanese Maple,Sapindaceae,X01954,U
BBG,Japanese Hill-and-Pond Garden,Acer,palmatum,Japanese Maple,Sapindaceae,X01961,U
BBG,Japanese Hill-and-Pond Garden,Acer,palmatum,Japanese Maple,Sapindaceae,X02089,U
BBG,Japanese Hill-and-Pond Garden,Acer,palmatum,Japanese Maple,Sapindaceae,X02090,U
BBG,Japanese Hill-and-Pond Garden,Acer,palmatum,Japanese Maple,Sapindaceae,X02123,U
BBG,Japanese Hill-and-Pond Garden,Acer,palmatum,Japanese Maple,Sapindaceae,X02125,U
BBG,Bonsai,Acer,palmatum,Japanese Maple,Sapindaceae,X02760,U
BBG,Bonsai,Acer,palmatum,Japanese Maple,Sapindaceae,X02761,U
BBG,Bonsai,Acer,palmatum Atropurpureum',Japanese Maple,Sapindaceae,720208,G
BBG,Bonsai,Acer,palmatum Atropurpureum',Japanese Maple,Sapindaceae,720209,G
BBG,Bonsai,Acer,palmatum Atropurpureum',Japanese Maple,Sapindaceae,900385,G
BBG,Washington Avenue Borders,Acer,palmatum Bloodgood',Japanese Maple,Sapindaceae,20180173,G
BBG,Osborne Garden,Acer,palmatum Bloodgood',Japanese Maple,Sapindaceae,670835,G
BBG,Rock Garden,Acer,palmatum Bloodgood',Japanese Maple,Sapindaceae,930488,G
BBG,Osborne Garden,Acer,palmatum Burgundy Lace',Japanese Maple,Sapindaceae,700364,G
BBG,Japanese Hill-and-Pond Garden,Acer,palmatum Burgundy Lace',Japanese Maple,Sapindaceae,X02042,U
BBG,Plant Family Collection,Acer,palmatum Butterfly',Japanese Maple,Sapindaceae,950286,G
BBG,Japanese Hill-and-Pond Garden,Acer,palmatum Dissectum',Japanese Maple,Sapindaceae,830438,G
BBG,Boundary Plantings,Acer,palmatum Dissectum',Japanese Maple,Sapindaceae,X02044,U
BBG,Japanese Hill-and-Pond Garden,Acer,palmatum Dissectum Group,Japanese Maple,Sapindaceae,X01963,U
BBG,Japanese Hill-and-Pond Garden,Acer,palmatum Dissectum Group,Japanese Maple,Sapindaceae,X01964,U
BBG,Bonsai,Acer,palmatum Inaba-shidare',Japanese Maple,Sapindaceae,990549,G
BBG,Bonsai,Acer,palmatum Kamagata',Japanese Maple,Sapindaceae,990552,G
BBG,Bonsai,Acer,palmatum Kashima',Japanese Maple,Sapindaceae,990547,G
BBG,Bonsai,Acer,palmatum Kiyohime',Japanese Maple,Sapindaceae,990548,G
BBG,Japanese Hill-and-Pond Garden,Acer,palmatum Lutescens',Japanese Maple,Sapindaceae,X01962,U
BBG,Japanese Hill-and-Pond Garden,Acer,palmatum Lutescens',Japanese Maple,Sapindaceae,X01992,U
BBG,Japanese Hill-and-Pond Garden,Acer,palmatum Lutescens',Japanese Maple,Sapindaceae,X01993,U
BBG,Japanese Hill-and-Pond Garden,Acer,palmatum Lutescens',Japanese Maple,Sapindaceae,X01994,U
BBG,Osborne Garden,Acer,palmatum Nomura-nishiki',Japanese Maple,Sapindaceae,620408,G
BBG,Osborne Garden,Acer,palmatum Ogon-sarasa',Japanese Maple,Sapindaceae,620423,G
BBG,Osborne Garden,Acer,palmatum Osakazuki',Japanese Maple,Sapindaceae,620399,G
BBG,Japanese Hill-and-Pond Garden,Acer,palmatum Sango-kaku',Japanese Maple,Sapindaceae,20000188,G
BBG,Osborne Garden,Acer,palmatum Sango-kaku',Japanese Maple,Sapindaceae,X10498,U
BBG,Japanese Hill-and-Pond Garden,Acer,palmatum Scolopendrifolium',Japanese Maple,Sapindaceae,20000335,G
BBG,Plant Family Collection,Acer,palmatum Scolopendrifolium',Japanese Maple,Sapindaceae,620424,G
BBG,Japanese Hill-and-Pond Garden,Acer,palmatum Seiryu',Japanese Maple,Sapindaceae,20000334,G
BBG,Bonsai,Acer,palmatum Shigitatsu-sawa',Japanese Maple,Sapindaceae,720206,G
BBG,Bonsai,Acer,palmatum Shin-deshojo',Japanese Maple,Sapindaceae,990551,G
BBG,Plant Family Collection,Acer,palmatum Shishi-gashira',Japanese Maple,Sapindaceae,620421,G
BBG,Plant Family Collection,Acer,palmatum Shishi-gashira',Japanese Maple,Sapindaceae,670457,G
BBG,Bonsai,Acer,palmatum Shishio Improved',Japanese Maple,Sapindaceae,990550,G
BBG,Bonsai,Acer,palmatum subsp. matsumurae,Japanese Maple,Sapindaceae,990540,G
BBG,Bonsai,Acer,palmatum subsp. matsumurae,Japanese Maple,Sapindaceae,990541,G
BBG,Bonsai,Acer,palmatum subsp. matsumurae,Japanese Maple,Sapindaceae,990543,G
BBG,Bonsai,Acer,palmatum subsp. matsumurae,Japanese Maple,Sapindaceae,990544,G
BBG,Bonsai,Acer,palmatum subsp. matsumurae,Japanese Maple,Sapindaceae,X00391,U
BBG,Japanese Hill-and-Pond Garden,Acer,palmatum Twombly's Red Sentinel',Japanese Maple,Sapindaceae,20000808,G
BBG,Osborne Garden,Acer,palmatum Wou-nishiki',Japanese Maple,Sapindaceae,620401,G
BBG,Plant Family Collection,Acer,pensylvanicum,Striped Maple,Sapindaceae,20000079,W
BBG,Native Flora Garden,Acer,pensylvanicum,Striped Maple,Sapindaceae,20090123,W
BBG,Native Flora Garden,Acer,pensylvanicum,Striped Maple,Sapindaceae,20130260,G
BBG,Native Flora Garden,Acer,pensylvanicum,Striped Maple,Sapindaceae,900071,G
BBG,Bonsai,Acer,platanoides,Norway Maple,Sapindaceae,X00406,U
BBG,Osborne Garden,Acer,platanoides Crimson King',Norway Maple,Sapindaceae,X02255,U
BBG,Woodland Garden,Acer,pseudoplatanus,Sycamore,Sapindaceae,X01137,U
BBG,Woodland Garden,Acer,pseudoplatanus,Sycamore,Sapindaceae,X01138,U
BBG,Phase 3B,Acer,pseudosieboldianum,Korean Maple,Sapindaceae,20190182,G
BBG,Boundary Plantings,Acer,× rotundilobum,Maple,Sapindaceae,740281,G
BBG,Native Flora Garden,Acer,rubrum,Red Maple,Sapindaceae,20000076,W
BBG,Native Flora Garden,Acer,rubrum,Red Maple,Sapindaceae,20090087,W
BBG,Native Flora Garden,Acer,rubrum,Red Maple,Sapindaceae,20120755,W
BBG,Bonsai,Acer,rubrum,Red Maple,Sapindaceae,X00392,U
BBG,Bonsai,Acer,rubrum,Red Maple,Sapindaceae,X00446,U
BBG,Bonsai,Acer,rubrum,Red Maple,Sapindaceae,X00547,U
BBG,Bonsai,Acer,rubrum,Red Maple,Sapindaceae,X00600,U
BBG,Bonsai,Acer,rubrum,Red Maple,Sapindaceae,X00606,U
BBG,Native Flora Garden,Acer,rubrum,Red Maple,Sapindaceae,X02888,U
BBG,Native Flora Garden,Acer,rubrum,Red Maple,Sapindaceae,X10134,U
BBG,Native Flora Garden,Acer,rubrum,Red Maple,Sapindaceae,X10135,U
BBG,Native Flora Garden,Acer,rubrum,Red Maple,Sapindaceae,X10137,U
BBG,Native Flora Garden,Acer,rubrum,Red Maple,Sapindaceae,X10138,U
BBG,Native Flora Garden,Acer,rubrum,Red Maple,Sapindaceae,X10139,U
BBG,Native Flora Garden,Acer,rubrum,Red Maple,Sapindaceae,X10190,U
BBG,Discovery Garden,Acer,rubrum Frank Junior',Redpointe® Maple,Sapindaceae,20140687,G
BBG,Phase 3B,Acer,rufinerve,Snake-Bark Maple,Sapindaceae,20190183,G
BBG,Native Flora Garden,Acer,saccharinum,Silver Maple,Sapindaceae,X10212,U
BBG,Osborne Garden,Acer,saccharinum Laciniatum Wieri',Wier Maple,Sapindaceae,X02257,U
BBG,Native Flora Garden,Acer,saccharum,Sugar Maple,Sapindaceae,20090068,W
BBG,Bonsai,Acer,saccharum,Sugar Maple,Sapindaceae,X00557,U
BBG,Native Flora Garden,Acer,saccharum,Sugar Maple,Sapindaceae,X10041,U
BBG,Native Flora Garden,Acer,saccharum,Sugar Maple,Sapindaceae,X10119,U
BBG,Native Flora Garden,Acer,saccharum,Sugar Maple,Sapindaceae,X10120,U
BBG,Native Flora Garden,Acer,saccharum,Sugar Maple,Sapindaceae,X10121,U
BBG,Native Flora Garden,Acer,saccharum,Sugar Maple,Sapindaceae,X10132,U
BBG,Native Flora Garden,Acer,saccharum,Sugar Maple,Sapindaceae,X10213,U
BBG,Discovery Garden,Acer,saccharum Bailsta',Fall Fiesta® Sugar Maple,Sapindaceae,20140683,G
BBG,Discovery Garden,Acer,saccharum Bailsta',Fall Fiesta® Sugar Maple,Sapindaceae,20160300,G
BBG,Plant Family Collection,Acer,saccharum Goldspire',Sugar Maple,Sapindaceae,890271,G
BBG,Native Flora Garden,Acer,saccharum subsp. nigrum,Black Maple,Sapindaceae,20011162,W
BBG,Phase 3B,Acer,shirasawanum Aureum',Golden Full Moon Maple,Sapindaceae,20190472,G
BBG,Phase 3B,Acer,sieboldianum,Siebold's Maple,Sapindaceae,20190339,G
BBG,Woodland Garden,Acer,sieboldianum,Siebold's Maple,Sapindaceae,X01040,U
BBG,Plant Family Collection,Acer,tataricum,Tatarian Maple,Sapindaceae,20001354,W
BBG,Boundary Plantings,Acer,tataricum,Tatarian Maple,Sapindaceae,750047,U
BBG,Plant Family Collection,Acer,tegmentosum,Manchurian Striped Maple,Sapindaceae,930626,G
BBG,Phase 3B,Acer,tegmentosum Joe Witt',Manchurian Striped Maple,Sapindaceae,20190190,G
BBG,Phase 3B,Acer,triflorum,Three Flowered Maple,Sapindaceae,20190175,G
BBG,Phase 3B,Acer,triflorum,Three Flowered Maple,Sapindaceae,20190206,G
BBG,Phase 3B,Acer,triflorum,Three Flowered Maple,Sapindaceae,20190340,G
BBG,Phase 3B,Acer,truncatum,Shantung Maple,Sapindaceae,20190431,G
BBG,Phase 3B,Acer,White Tigress',White Tigress' Snakebark Maple,Sapindaceae,20190191,G
BBG,Cherry Esplanade,Prunus,#N/A,Japanese Flowering Cherry,Rosaceae,250005,U
BBG,Cherry Esplanade,Prunus,#N/A,Japanese Flowering Cherry,Rosaceae,300007,G
BBG,Cherry Esplanade,Prunus,#N/A,Japanese Flowering Cherry,Rosaceae,940417,G
BBG,Cherry Esplanade,Prunus,#N/A,Japanese Flowering Cherry,Rosaceae,X01619,U
BBG,Nursery,Prunus,Accolade',Flowering Cherry,Rosaceae,20140735,G
BBG,Japanese Hill-and-Pond Garden,Prunus,Accolade',Flowering Cherry,Rosaceae,900421,G
BBG,Osborne Garden,Prunus,Ariake',Japanese Flowering Cherry,Rosaceae,20140356,G
BBG,Boundary Plantings,Prunus,Ariake',Japanese Flowering Cherry,Rosaceae,20150106,G
BBG,Japanese Hill-and-Pond Garden,Prunus,Ariake',Japanese Flowering Cherry,Rosaceae,861174,G
BBG,Discovery Garden,Prunus,armeniaca Blenheim',Apricot,Rosaceae,20150363,G
BBG,Herb Garden,Prunus,armeniaca Stark Sweetheart = Homedale',Dwarf Apricot,Rosaceae,20120856,G
BBG,Herb Garden,Prunus,armeniaca Stark Sweetheart = Homedale',Dwarf Apricot,Rosaceae,20130776,G
BBG,Boundary Plantings,Prunus,avium Black Tartarian',Sweet Cherry,Rosaceae,20090440,G
BBG,Boundary Plantings,Prunus,avium Sam',Sweet Cherry,Rosaceae,20090443,G
BBG,Boundary Plantings,Prunus,avium Schmidt’s Bigarreau',Sweet Cherry,Rosaceae,20090433,G
BBG,Herb Garden,Prunus,avium White Gold',Sweet Cherry,Rosaceae,20100973,G
BBG,Nursery,Prunus,Bennishi',Japanese Flowering Cherry,Rosaceae,20140732,G
BBG,Plant Family Collection,Prunus,cerasifera,Cherry Plum,Rosaceae,20030626,G
BBG,Nursery,Prunus,cerasifera,Cherry Plum,Rosaceae,20130690,W
BBG,Herb Garden,Prunus,cerasus Montmorency',Sour Cherry,Rosaceae,20090431,G
BBG,Discovery Garden,Prunus,cerasus Montmorency',Sour Cherry,Rosaceae,20150293,G
BBG,Plant Family Collection,Prunus,cerasus Rhexii',Sour Cherry,Rosaceae,X02511,U
BBG,Cherry Esplanade,Prunus,× dawyckensis,Cherry,Rosaceae,860158,U
BBG,Herb Garden,Prunus,domestica cv.,European Plum,Rosaceae,20101010,U
BBG,Boundary Plantings,Prunus,domestica Impérial Epineuse',Plum,Rosaceae,20090442,G
BBG,Herb Garden,Prunus,domestica Stanley',Plum,Rosaceae,20100977,G
BBG,Japanese Hill-and-Pond Garden,Prunus,Fudan-zakura',Everblooming Cherry,Rosaceae,860176,G
BBG,Streetscape,Prunus,Fudan-zakura',Everblooming Cherry,Rosaceae,870125,G
BBG,Washington Avenue Borders,Prunus,Fudan-zakura',Everblooming Cherry,Rosaceae,950132,G
BBG,Osborne Garden,Prunus,Fugenzo',Flowering Cherry,Rosaceae,X02461,U
BBG,Boundary Plantings,Prunus,glandulosa Sinensis',Flowering Almond,Rosaceae,800008,G
BBG,Nursery,Prunus,Gyoiko',Japanese Flowering Cherry,Rosaceae,20170362,G
BBG,Nursery,Prunus,Hatazakura',Flag Cherry,Rosaceae,20140729,G
BBG,Osborne Garden,Prunus,Hatazakura',Flag Cherry,Rosaceae,X02463,U
BBG,Plant Family Collection,Prunus,hirtipes,Early Flowering Cherry,Rosaceae,700202,G
BBG,Fragrance Garden,Prunus,Ichiyo',Japanese Flowering Cherry,Rosaceae,X02651,U
BBG,Nursery,Prunus,incisa Kojo-no-mai',Fuji Cherry,Rosaceae,20080418,G
BBG,Plant Family Collection,Prunus,japonica,Japanese Bush Cherry,Rosaceae,20011173,G
BBG,Cherry Esplanade,Prunus,Kanzan',Japanese Flowering Cherry,Rosaceae,20030042,G
BBG,Cherry Esplanade,Prunus,Kanzan',Japanese Flowering Cherry,Rosaceae,20070244,G
BBG,Cherry Esplanade,Prunus,Kanzan',Japanese Flowering Cherry,Rosaceae,20080395,G
BBG,Bonsai,Prunus,Kanzan',Japanese Flowering Cherry,Rosaceae,20120570,G
BBG,Cherry Esplanade,Prunus,Kanzan',Japanese Flowering Cherry,Rosaceae,20130738,G
BBG,Nursery,Prunus,Kanzan',Japanese Flowering Cherry,Rosaceae,20190256,G
BBG,Cherry Esplanade,Prunus,Kanzan',Japanese Flowering Cherry,Rosaceae,210004,G
BBG,Cherry Esplanade,Prunus,Kanzan',Japanese Flowering Cherry,Rosaceae,700089,G
BBG,Cherry Esplanade,Prunus,Kanzan',Japanese Flowering Cherry,Rosaceae,710066,G
BBG,Cherry Esplanade,Prunus,Kanzan',Japanese Flowering Cherry,Rosaceae,790118,G
BBG,Cherry Esplanade,Prunus,Kanzan',Japanese Flowering Cherry,Rosaceae,800051,G
BBG,Cherry Esplanade,Prunus,Kanzan',Japanese Flowering Cherry,Rosaceae,810099,G
BBG,Cherry Esplanade,Prunus,Kanzan',Japanese Flowering Cherry,Rosaceae,820123,G
BBG,Cherry Esplanade,Prunus,Kanzan',Japanese Flowering Cherry,Rosaceae,830229,G
BBG,Cherry Esplanade,Prunus,Kanzan',Japanese Flowering Cherry,Rosaceae,840229,G
BBG,Cherry Esplanade,Prunus,Kanzan',Japanese Flowering Cherry,Rosaceae,850237,G
BBG,Cherry Esplanade,Prunus,Kanzan',Japanese Flowering Cherry,Rosaceae,850238,G
BBG,Cherry Esplanade,Prunus,Kanzan',Japanese Flowering Cherry,Rosaceae,850239,G
BBG,Cherry Esplanade,Prunus,Kanzan',Japanese Flowering Cherry,Rosaceae,850240,G
BBG,Cherry Esplanade,Prunus,Kanzan',Japanese Flowering Cherry,Rosaceae,850241,G
BBG,Cherry Esplanade,Prunus,Kanzan',Japanese Flowering Cherry,Rosaceae,850242,G
BBG,Cherry Esplanade,Prunus,Kanzan',Japanese Flowering Cherry,Rosaceae,850246,G
BBG,Cherry Esplanade,Prunus,Kanzan',Japanese Flowering Cherry,Rosaceae,860523,G
BBG,Cherry Esplanade,Prunus,Kanzan',Japanese Flowering Cherry,Rosaceae,870416,G
BBG,Cherry Esplanade,Prunus,Kanzan',Japanese Flowering Cherry,Rosaceae,900197,G
BBG,Cherry Esplanade,Prunus,Kanzan',Japanese Flowering Cherry,Rosaceae,910295,G
BBG,Cherry Esplanade,Prunus,Kanzan',Japanese Flowering Cherry,Rosaceae,920362,G
BBG,Cherry Esplanade,Prunus,Kanzan',Japanese Flowering Cherry,Rosaceae,930234,G
BBG,Bonsai,Prunus,Kanzan',Japanese Flowering Cherry,Rosaceae,991492,G
BBG,Japanese Hill-and-Pond Garden,Prunus,Kanzan',Japanese Flowering Cherry,Rosaceae,X00169,U
BBG,Osborne Garden,Prunus,Kanzan',Japanese Flowering Cherry,Rosaceae,X02464,U
BBG,Cherry Esplanade,Prunus,Kanzan',Japanese Flowering Cherry,Rosaceae,X10382,U
BBG,Cherry Esplanade,Prunus,Kanzan',Japanese Flowering Cherry,Rosaceae,X10384,U
BBG,Cherry Esplanade,Prunus,Kanzan',Japanese Flowering Cherry,Rosaceae,X10385,U
BBG,Cherry Esplanade,Prunus,Kanzan',Japanese Flowering Cherry,Rosaceae,X10386,U
BBG,Boundary Plantings,Prunus,laurocerasus,Cherry Laurel,Rosaceae,920759,G
BBG,Washington Avenue Borders,Prunus,laurocerasus,Cherry Laurel,Rosaceae,970283,G
BBG,Plant Family Collection,Prunus,laurocerasus Mount Vernon',Cherry Laurel,Rosaceae,20130241,G
BBG,Plant Family Collection,Prunus,laurocerasus Otto Luyken',Cherry Laurel,Rosaceae,20100330,G
BBG,Entry Garden,Prunus,laurocerasus Otto Luyken',Cherry Laurel,Rosaceae,20140831,G
BBG,Entry Garden,Prunus,laurocerasus Otto Luyken',Cherry Laurel,Rosaceae,20140832,G
BBG,Entry Garden,Prunus,laurocerasus Otto Luyken',Cherry Laurel,Rosaceae,20150279,G
BBG,Children’s Garden,Prunus,laurocerasus Otto Luyken',Cherry Laurel,Rosaceae,20160333,G
BBG,Native Flora Garden,Prunus,maritima,Beach Plum,Rosaceae,830228,G
BBG,Bonsai,Prunus,maritima,Beach Plum,Rosaceae,X00836,U
BBG,Bonsai,Prunus,maritima,Beach Plum,Rosaceae,X02759,U
BBG,Bonsai,Prunus,maritima,Beach Plum,Rosaceae,X02765,U
BBG,Herb Garden,Prunus,Moongold',Moongold Apricot,Rosaceae,20090439,G
BBG,Boundary Plantings,Prunus,Moorpark Improved',Apricot,Rosaceae,20020271,G
BBG,Herb Garden,Prunus,mume,Japanese Apricot,Rosaceae,20101047,G
BBG,Nursery,Prunus,mume,Japanese Apricot,Rosaceae,20140242,G
BBG,Bonsai,Prunus,mume,Japanese Apricot,Rosaceae,991496,G
BBG,Bonsai,Prunus,mume,Japanese Apricot,Rosaceae,991497,G
BBG,Bonsai,Prunus,mume,Japanese Apricot,Rosaceae,991498,G
BBG,Bonsai,Prunus,mume,Japanese Apricot,Rosaceae,991500,G
BBG,Bonsai,Prunus,mume,Japanese Apricot,Rosaceae,991501,G
BBG,Bonsai,Prunus,mume,Japanese Apricot,Rosaceae,X00431,U
BBG,Bonsai,Prunus,mume Andoh's White',Japanese Apricot,Rosaceae,990524,G
BBG,Washington Avenue Borders,Prunus,mume Bonita',Japanese Apricot,Rosaceae,990028,G
BBG,Bonsai,Prunus,mume Bonita',Japanese Apricot,Rosaceae,990518,G
BBG,Bonsai,Prunus,mume Kobai',Japanese Apricot,Rosaceae,990517,G
BBG,Cherry Esplanade,Prunus,Ojochin',Japanese Flowering Cherry,Rosaceae,840777,G
BBG,Cherry Esplanade,Prunus,Okame',Japanese Flowering Cherry,Rosaceae,710028,G
BBG,Streetscape,Prunus,Okame',Japanese Flowering Cherry,Rosaceae,900682,G
BBG,Native Flora Garden,Prunus,padus,European Bird-Cherry,Rosaceae,X02828,U
BBG,Native Flora Garden,Prunus,padus,European Bird-Cherry,Rosaceae,X02830,U
BBG,Native Flora Garden,Prunus,padus,European Bird-Cherry,Rosaceae,X02831,U
BBG,Native Flora Garden,Prunus,padus,European Bird-Cherry,Rosaceae,X02958,U
BBG,Native Flora Garden,Prunus,padus,European Bird-Cherry,Rosaceae,X10126,U
BBG,Native Flora Garden,Prunus,padus,European Bird-Cherry,Rosaceae,X10129,U
BBG,Japanese Hill-and-Pond Garden,Prunus,pendula Pendula Rosea',Weeping Higan Cherry,Rosaceae,20020262,G
BBG,Nursery,Prunus,pendula Pendula Rosea',Weeping Higan Cherry,Rosaceae,20160168,G
BBG,Cherry Esplanade,Prunus,pendula Pendula Rosea',Weeping Higan Cherry,Rosaceae,270009,G
BBG,Japanese Hill-and-Pond Garden,Prunus,pendula Pendula Rosea',Weeping Higan Cherry,Rosaceae,810098,G
BBG,Japanese Hill-and-Pond Garden,Prunus,pendula Pendula Rosea',Weeping Higan Cherry,Rosaceae,X00146,U
BBG,Japanese Hill-and-Pond Garden,Prunus,pendula Pendula Rosea',Weeping Higan Cherry,Rosaceae,X01998,U
BBG,Japanese Hill-and-Pond Garden,Prunus,pendula Pendula Rosea',Weeping Higan Cherry,Rosaceae,X02000,U
BBG,Japanese Hill-and-Pond Garden,Prunus,pendula Pendula Rosea',Weeping Higan Cherry,Rosaceae,X02050,U
BBG,Japanese Hill-and-Pond Garden,Prunus,pendula Pendula Rosea',Weeping Higan Cherry,Rosaceae,X02051,U
BBG,Japanese Hill-and-Pond Garden,Prunus,pendula Pendula Rosea',Weeping Higan Cherry,Rosaceae,X02084,U
BBG,Japanese Hill-and-Pond Garden,Prunus,pendula Pendula Rosea',Weeping Higan Cherry,Rosaceae,X02086,U
BBG,Japanese Hill-and-Pond Garden,Prunus,pendula Yae-beni-shidare',Japanese Flowering Cherry,Rosaceae,20000007,G
BBG,Cherry Esplanade,Prunus,pendula Yae-beni-shidare',Japanese Flowering Cherry,Rosaceae,20120184,G
BBG,Japanese Hill-and-Pond Garden,Prunus,pendula Yae-beni-shidare',Japanese Flowering Cherry,Rosaceae,X02001,U
BBG,Herb Garden,Prunus,persica Bonfire',Bonfire Peach,Rosaceae,20120862,G
BBG,Herb Garden,Prunus,persica Golden Jubilee',Golden Jubilee Peach,Rosaceae,20090446,G
BBG,Herb Garden,Prunus,persica Halehaven',Halehaven Peach,Rosaceae,20090432,G
BBG,Bonsai,Prunus,persica Pink Charming',Peach,Rosaceae,970704,G
BBG,Herb Garden,Prunus,persica Reliance',Reliance Peach,Rosaceae,20090463,G
BBG,Plant Family Collection,Prunus,pilosiuscula,Flowering Cherry,Rosaceae,20060988,Z
BBG,Plant Family Collection,Prunus,sargentii Columnaris',Sargent Cherry,Rosaceae,900424,G
BBG,Bonsai,Prunus,serotina,Wild Black Cherry,Rosaceae,20110014,W
BBG,Woodland Garden,Prunus,serotina,Wild Black Cherry,Rosaceae,X01136,U
BBG,Native Flora Garden,Prunus,serotina,Wild Black Cherry,Rosaceae,X02959,U
BBG,Native Flora Garden,Prunus,serotina,Wild Black Cherry,Rosaceae,X02964,U
BBG,Native Flora Garden,Prunus,serotina,Wild Black Cherry,Rosaceae,X10223,U
BBG,Nursery,Prunus,serrula,Red-Barked Cherry,Rosaceae,20160145,G
BBG,Osborne Garden,Prunus,serrulata,Japanese Flowering Cherry,Rosaceae,X02458,U
BBG,Bonsai,Prunus,serrulata Beni Hoshi',Japanese Flowering Cherry,Rosaceae,991491,G
BBG,Nursery,Prunus,serrulata Kuramayama',Japanese Flowering Cherry,Rosaceae,20170363,G
BBG,Cherry Esplanade,Prunus,serrulata Kuramayama',Japanese Flowering Cherry,Rosaceae,860169,G
BBG,Japanese Hill-and-Pond Garden,Prunus,serrulata Ukon',Japanese Flowering Cherry,Rosaceae,700203,G
BBG,Japanese Hill-and-Pond Garden,Prunus,serrulata Ukon',Japanese Flowering Cherry,Rosaceae,840778,G
BBG,Japanese Hill-and-Pond Garden,Prunus,serrulata Ukon',Japanese Flowering Cherry,Rosaceae,X01949,U
BBG,Japanese Hill-and-Pond Garden,Prunus,serrulata var. spontanea,Hill Cherry,Rosaceae,X00170,U
BBG,Nursery,Prunus,Shirofugen',Japanese Flowering Cherry,Rosaceae,20150785,G
BBG,Osborne Garden,Prunus,Shirofugen',Japanese Flowering Cherry,Rosaceae,20160143,G
BBG,Japanese Hill-and-Pond Garden,Prunus,Shirotae',Japanese Flowering Cherry,Rosaceae,20000337,G
BBG,Nursery,Prunus,Shirotae',Japanese Flowering Cherry,Rosaceae,20150786,G
BBG,Overlook,Prunus,Shirotae',Japanese Flowering Cherry,Rosaceae,710334,G
BBG,Osborne Garden,Prunus,Shirotae',Japanese Flowering Cherry,Rosaceae,X02465,U
BBG,Japanese Hill-and-Pond Garden,Prunus,Shogetsu',Japanese Flowering Cherry,Rosaceae,700204,G
BBG,Osborne Garden,Prunus,Shogetsu',Japanese Flowering Cherry,Rosaceae,710341,G
BBG,Japanese Hill-and-Pond Garden,Prunus,Snow Goose',Japanese Flowering Cherry,Rosaceae,20160144,G
BBG,Japanese Hill-and-Pond Garden,Prunus,sp.,,Rosaceae,20001438,G
BBG,Cherry Esplanade,Prunus,Spire',Flowering Cherry,Rosaceae,700479,G
BBG,Cherry Esplanade,Prunus,Spire',Flowering Cherry,Rosaceae,840779,G
BBG,Bonsai,Prunus,× subhirtella,Higan Cherry,Rosaceae,X00384,U
BBG,Bonsai,Prunus,× subhirtella,Higan Cherry,Rosaceae,X00704,U
BBG,Japanese Hill-and-Pond Garden,Prunus,× subhirtella,Higan Cherry,Rosaceae,X02135,U
BBG,Cherry Esplanade,Prunus,× subhirtella Jugatsu-zakura',Autumn Flowering Cherry,Rosaceae,690173,G
BBG,Bonsai,Prunus,× subhirtella Jugatsu-zakura',Autumn Flowering Cherry,Rosaceae,991493,G
BBG,Discovery Garden,Prunus,× subhirtella Pendula',Weeping Higan Cherry,Rosaceae,20150285,G
BBG,Cherry Esplanade,Prunus,× subhirtella Rosy Cloud',Higan Cherry,Rosaceae,900422,G
BBG,Nursery,Prunus,Surugadai-nioi',Japanese Flowering Cherry,Rosaceae,20140733,G
BBG,Japanese Hill-and-Pond Garden,Prunus,Takasago',Japanese Flowering Cherry,Rosaceae,X02133,U
BBG,Japanese Hill-and-Pond Garden,Prunus,Takasago',Japanese Flowering Cherry,Rosaceae,X02134,U
BBG,Osborne Garden,Prunus,Takasago',Japanese Flowering Cherry,Rosaceae,X10264,U
BBG,Nursery,Prunus,Taki-nioi',Japanese Flowering Cherry,Rosaceae,20140357,G
BBG,Cherry Esplanade,Prunus,Taoyame',Japanese Flowering Cherry,Rosaceae,700476,G
BBG,Cherry Esplanade,Prunus,Taoyame',Japanese Flowering Cherry,Rosaceae,860172,G
BBG,Boundary Plantings,Prunus,Umineko',Flowering Cherry,Rosaceae,20150107,G
BBG,Osborne Garden,Prunus,Uzu-zakura',Japanese Flowering Cherry,Rosaceae,860174,G
BBG,Native Flora Garden,Prunus,virginiana,Choke-Cherry,Rosaceae,20011207,W
BBG,Herb Garden,Prunus,Windsor',Sweet Cherry,Rosaceae,20090434,G
BBG,Japanese Hill-and-Pond Garden,Prunus,× yedoensis,Yoshino Cherry,Rosaceae,20020263,G
BBG,Cherry Esplanade,Prunus,× yedoensis,Yoshino Cherry,Rosaceae,20120167,G
BBG,Cherry Esplanade,Prunus,× yedoensis,Yoshino Cherry,Rosaceae,20120244,G
BBG,Japanese Hill-and-Pond Garden,Prunus,× yedoensis,Yoshino Cherry,Rosaceae,830145,G
BBG,Native Flora Garden,Magnolia,acuminata,Cucumber Tree,Magnoliaceae,20080310,G
BBG,Magnolia Plaza,Magnolia,Ann',,Magnoliaceae,20030333,G
BBG,Bonsai,Magnolia,Ann',,Magnoliaceae,20110023,G
BBG,Magnolia Plaza,Magnolia,Big Pink',,Magnoliaceae,20080251,G
BBG,Magnolia Plaza,Magnolia,× brooklynensis #204,,Magnoliaceae,20070177,G
BBG,Nursery,Magnolia,× brooklynensis Evamaria',Evamaria' magnolia,Magnoliaceae,20170350,G
BBG,Streetscape,Magnolia,× brooklynensis Evamaria',Evamaria' magnolia,Magnoliaceae,910301,G
BBG,Magnolia Plaza,Magnolia,× brooklynensis Hattie Carthan',,Magnoliaceae,20140343,G
BBG,Fragrance Garden,Magnolia,× brooklynensis Hattie Carthan',,Magnoliaceae,871193,G
BBG,Plant Family Collection,Magnolia,× brooklynensis Yellow Bird',,Magnoliaceae,910310,G
BBG,Nursery,Magnolia,cylindrica,,Magnoliaceae,20071241,G
BBG,Magnolia Plaza,Magnolia,denudata,Yulan,Magnoliaceae,320010,G
BBG,Magnolia Plaza,Magnolia,Elizabeth',,Magnoliaceae,790512,G
BBG,Osborne Garden,Magnolia,Elizabeth',,Magnoliaceae,820090,G
BBG,Magnolia Plaza,Magnolia,Galaxy',,Magnoliaceae,20080254,G
BBG,Discovery Garden,Magnolia,grandiflora,Southern Magnolia,Magnoliaceae,20140676,G
BBG,Washington Avenue Borders,Magnolia,grandiflora D.D. Blanchard',Southern Magnolia,Magnoliaceae,20061233,G
BBG,Magnolia Plaza,Magnolia,grandiflora Edith Bogue',Southern Magnolia,Magnoliaceae,660699,G
BBG,Boundary Plantings,Magnolia,grandiflora Edith Bogue',Southern Magnolia,Magnoliaceae,890706,G
BBG,Discovery Garden,Magnolia,grandiflora Kay Parris',Southern Magnolia,Magnoliaceae,20170285,G
BBG,Herb Garden,Magnolia,grandiflora Kay Parris',Southern Magnolia,Magnoliaceae,X10397,U
BBG,Washington Avenue Borders,Magnolia,grandiflora Little Gem',Southern Magnolia,Magnoliaceae,890641,G
BBG,Conservatory Entry House,Magnolia,grandiflora Little Gem',Southern Magnolia,Magnoliaceae,950280,G
BBG,Herb Garden,Magnolia,grandiflora Spring Grove #16',Southern Magnolia,Magnoliaceae,X10396,U
BBG,Herb Garden,Magnolia,grandiflora Spring Grove #19',Southern Magnolia,Magnoliaceae,X10395,U
BBG,Osborne Garden,Magnolia,Judy Zuk',Hybrid Magnolia,Magnoliaceae,20050657,G
BBG,Plant Family Collection,Magnolia,Judy Zuk',Hybrid Magnolia,Magnoliaceae,910435,G
BBG,Bonsai,Magnolia,kobus,Kobus Magnolia,Magnoliaceae,991514,G
BBG,Magnolia Plaza,Magnolia,kobus,Kobus Magnolia,Magnoliaceae,X00044,U
BBG,Magnolia Plaza,Magnolia,kobus,Kobus Magnolia,Magnoliaceae,X00046,U
BBG,Magnolia Plaza,Magnolia,× loebneri,Loebner Magnolia,Magnoliaceae,X00045,U
BBG,Magnolia Plaza,Magnolia,× loebneri,Loebner Magnolia,Magnoliaceae,X00050,U
BBG,Magnolia Plaza,Magnolia,× loebneri Leonard Messel',Leonard Messel Magnolia,Magnoliaceae,860579,G
BBG,Magnolia Plaza,Magnolia,× loebneri Merrill',,Magnoliaceae,730031,G
BBG,Osborne Garden,Magnolia,Lois',,Magnoliaceae,20050656,G
BBG,Magnolia Plaza,Magnolia,Lois',,Magnoliaceae,20080750,G
BBG,Discovery Garden,Magnolia,Lois',,Magnoliaceae,20150132,G
BBG,Streetscape,Magnolia,Lois',,Magnoliaceae,910306,G
BBG,Boundary Plantings,Magnolia,macrophylla,Bigleaf Magnolia,Magnoliaceae,20030701,G
BBG,Nursery,Magnolia,macrophylla,Bigleaf Magnolia,Magnoliaceae,20071251,G
BBG,Nursery,Magnolia,macrophylla,Bigleaf Magnolia,Magnoliaceae,20071283,G
BBG,Discovery Garden,Magnolia,macrophylla,Bigleaf Magnolia,Magnoliaceae,20170314,G
BBG,Magnolia Plaza,Magnolia,Marillyn',,Magnoliaceae,20010236,G
BBG,Magnolia Plaza,Magnolia,Marillyn',,Magnoliaceae,20160181,G
BBG,Magnolia Plaza,Magnolia,Pinkie',,Magnoliaceae,20030332,G
BBG,Plant Family Collection,Magnolia,salicifolia,Willow-Leaved Magnolia,Magnoliaceae,610388,U
BBG,Magnolia Plaza,Magnolia,salicifolia Wada's Memory',Willow-Leaved Magnolia,Magnoliaceae,20080256,G
BBG,Magnolia Plaza,Magnolia,Sayonara',,Magnoliaceae,20030334,G
BBG,Nursery,Magnolia,sieboldii,Oyama Magnolia,Magnoliaceae,20071242,G
BBG,PFC-3A,Magnolia,sieboldii,Oyama Magnolia,Magnoliaceae,20180285,G
BBG,Magnolia Plaza,Magnolia,sieboldii,Oyama Magnolia,Magnoliaceae,780270,G
BBG,Osborne Garden,Magnolia,sieboldii Michiko Renge',Oyama Magnolia,Magnoliaceae,20051224,G
BBG,Magnolia Plaza,Magnolia,× soulangeana,Saucer Magnolia,Magnoliaceae,140006,G
BBG,Magnolia Plaza,Magnolia,× soulangeana,Saucer Magnolia,Magnoliaceae,150009,G
BBG,Magnolia Plaza,Magnolia,× soulangeana,Saucer Magnolia,Magnoliaceae,270005,G
BBG,Japanese Hill-and-Pond Garden,Magnolia,× soulangeana,Saucer Magnolia,Magnoliaceae,X01967,U
BBG,Magnolia Plaza,Magnolia,× soulangeana Brozzonii',Saucer Magnolia,Magnoliaceae,X00049,U
BBG,Plant Family Collection,Magnolia,× soulangeana Lennei',Saucer Magnolia,Magnoliaceae,140005,G
BBG,Boundary Plantings,Magnolia,× soulangeana Lilliputian',Saucer Magnolia,Magnoliaceae,730032,G
BBG,Magnolia Plaza,Magnolia,× soulangeana Verbanica',Saucer Magnolia,Magnoliaceae,X00042,U
BBG,Plant Family Collection,Magnolia,sp.,Magnolia,Magnoliaceae,20030339,G
BBG,Magnolia Plaza,Magnolia,stellata,Star Magnolia,Magnoliaceae,320011,G
BBG,Magnolia Plaza,Magnolia,stellata,Star Magnolia,Magnoliaceae,X10374,U
BBG,Magnolia Plaza,Magnolia,stellata Chrysanthemumiflora',Star Magnolia,Magnoliaceae,20170349,G
BBG,Magnolia Plaza,Magnolia,stellata Rubra',Star Magnolia,Magnoliaceae,710141,G
BBG,Native Flora Garden,Magnolia,tripetala,Umbrella Magnolia,Magnoliaceae,20070399,G
BBG,Plant Family Collection,Magnolia,tripetala,Umbrella Magnolia,Magnoliaceae,20140663,G
BBG,Discovery Garden,Magnolia,tripetala,Umbrella Magnolia,Magnoliaceae,20140711,G
BBG,Plant Family Collection,Magnolia,× veitchii Columbus',,Magnoliaceae,960140,G
BBG,Native Flora Garden,Magnolia,virginiana,Sweet Bay,Magnoliaceae,20000959,W
BBG,Native Flora Garden,Magnolia,virginiana,Sweet Bay,Magnoliaceae,20080649,G
BBG,Phase 3B,Magnolia,virginiana,Sweet Bay,Magnoliaceae,20190145,G
BBG,Phase 3B,Magnolia,virginiana,Sweet Bay,Magnoliaceae,20190179,G
BBG,Magnolia Plaza,Magnolia,virginiana,Sweet Bay,Magnoliaceae,X00043,U
BBG,Native Flora Garden,Magnolia,virginiana,Sweet Bay,Magnoliaceae,X10058,U
BBG,Native Flora Garden,Magnolia,virginiana,Sweet Bay,Magnoliaceae,X10069,U
BBG,Native Flora Garden,Magnolia,virginiana,Sweet Bay,Magnoliaceae,X10070,U
BBG,Discovery Garden,Magnolia,virginiana Henry Hicks',Sweet Bay (cultivar),Magnoliaceae,20140678,G
BBG,Washington Avenue Borders,Magnolia,virginiana Henry Hicks',Sweet Bay (cultivar),Magnoliaceae,930431,G
BBG,Washington Avenue Borders,Magnolia,virginiana Milton',Sweet Bay,Magnoliaceae,890382,G
BBG,Magnolia Plaza,Magnolia,virginiana Moonglow = Jim Wilson',Sweet Bay,Magnoliaceae,20060086,G
BBG,Woodland Garden,Magnolia,virginiana Moonglow = Jim Wilson',Sweet Bay,Magnoliaceae,20060756,G
BBG,Washington Avenue Borders,Magnolia,virginiana Moonglow = Jim Wilson',Sweet Bay,Magnoliaceae,20070430,G
BBG,Visitor Center,Magnolia,virginiana Moonglow = Jim Wilson',Sweet Bay,Magnoliaceae,20120197,G
BBG,Phase 3B,Magnolia,virginiana Moonglow = Jim Wilson',Sweet Bay,Magnoliaceae,20190245,G
BBG,Magnolia Plaza,Magnolia,virginiana var. australis Aiken County',Swamp Magnolia,Magnoliaceae,20030342,G
BBG,Visitor Center,Magnolia,virginiana var. australis Green Shadow',Swamp Magnolia,Magnoliaceae,20120182,G
BBG,Phase 3B,Magnolia,virginiana var. australis Green Shadow',Swamp Magnolia,Magnoliaceae,20190159,G
BBG,Phase 3B,Magnolia,virginiana var. australis Green Shadow',Swamp Magnolia,Magnoliaceae,20190531,G
BBG,Magnolia Plaza,Magnolia,virginiana var. australis Sweet Thing',Dwarf Sweet Bay,Magnoliaceae,20140664,G
BBG,Streetscape,Magnolia,Vulcan',,Magnoliaceae,930427,G
BBG,Plant Family Collection,Aesculus,× carnea,Red Horsechestnut,Sapindaceae,220007,U
BBG,Plant Family Collection,Aesculus,× carnea Briotii',Red Horsechestnut,Sapindaceae,20110404,U
BBG,Boundary Plantings,Aesculus,chinensis,Chinese Horse Chestnut,Sapindaceae,20150102,W
BBG,Plant Family Collection,Aesculus,flava,Yellow Buckeye,Sapindaceae,260001,G
BBG,Plant Family Collection,Aesculus,flava,Yellow Buckeye,Sapindaceae,340003,G
BBG,Plant Family Collection,Aesculus,flava,Yellow Buckeye,Sapindaceae,X01419,U
BBG,Native Flora Garden,Aesculus,glabra,Ohio Buckeye,Sapindaceae,X10150,U
BBG,Osborne Garden,Aesculus,glabra Leucodermis',Ohio Buckeye,Sapindaceae,X02441,U
BBG,Osborne Garden,Aesculus,glabra Leucodermis',Ohio Buckeye,Sapindaceae,X02442,U
BBG,Plant Family Collection,Aesculus,hippocastanum,Common Horsechestnut,Sapindaceae,150006,G
BBG,Plant Family Collection,Aesculus,hippocastanum,Common Horsechestnut,Sapindaceae,220008,G
BBG,Plant Family Collection,Aesculus,hippocastanum Baumannii',Common Horsechestnut,Sapindaceae,230004,G
BBG,Plant Family Collection,Aesculus,hippocastanum Pyramidalis',Common Horsechestnut,Sapindaceae,340005,G
BBG,Plant Family Collection,Aesculus,× hybrida,Hybrid Horsechestnut,Sapindaceae,270003,U
BBG,Osborne Garden,Aesculus,parviflora,Bottlebrush Buckeye,Sapindaceae,20051170,G
BBG,Native Flora Garden,Aesculus,parviflora,Bottlebrush Buckeye,Sapindaceae,20080244,G
BBG,Phase 3B,Aesculus,parviflora,Bottlebrush Buckeye,Sapindaceae,20190165,G
BBG,Plant Family Collection,Aesculus,parviflora,Bottlebrush Buckeye,Sapindaceae,220009,G
BBG,Plant Family Collection,Aesculus,parviflora,Bottlebrush Buckeye,Sapindaceae,780252,G
BBG,Plant Family Collection,Aesculus,parviflora,Bottlebrush Buckeye,Sapindaceae,980310,G
BBG,Phase 3B,Aesculus,parviflora var. serotina Rogers',Bottle Brush Buckeye,Sapindaceae,20190352,G
BBG,Boundary Plantings,Aesculus,pavia,Red Buckeye,Sapindaceae,20060307,G
BBG,Discovery Garden,Aesculus,pavia,Red Buckeye,Sapindaceae,20140875,G
BBG,Discovery Garden,Aesculus,pavia,Red Buckeye,Sapindaceae,20150131,G
BBG,Osborne Garden,Aesculus,pavia,Red Buckeye,Sapindaceae,X02439,U
BBG,Plant Family Collection,Aesculus,turbinata,Japanese Horsechestnut,Sapindaceae,120012,U
BBG,Native Flora Garden,Betula,alleghaniensis,Yellow Birch,Betulaceae,20001359,W
BBG,Native Flora Garden,Betula,alleghaniensis,Yellow Birch,Betulaceae,20060100,G
BBG,Native Flora Garden,Betula,alleghaniensis,Yellow Birch,Betulaceae,20071281,W
BBG,Boundary Plantings,Betula,apoiensis,Birch,Betulaceae,20070228,G
BBG,Boundary Plantings,Betula,costata,Birch,Betulaceae,20071249,G
BBG,Plant Family Collection,Betula,dahurica,Asian Black Birch,Betulaceae,990283,G
BBG,Plant Family Collection,Betula,divaricata,Birch,Betulaceae,20011191,G
BBG,Native Flora Garden,Betula,lenta,Sweet Birch,Betulaceae,20001360,W
BBG,Boundary Plantings,Betula,lenta,Sweet Birch,Betulaceae,20071250,G
BBG,Native Flora Garden,Betula,lenta,Sweet Birch,Betulaceae,20090069,W
BBG,Visitor Center,Betula,lenta,Sweet Birch,Betulaceae,20120191,G
BBG,Streetscape,Betula,lenta,Sweet Birch,Betulaceae,980497,G
BBG,Native Flora Garden,Betula,lenta,Sweet Birch,Betulaceae,X02713,U
BBG,Native Flora Garden,Betula,lenta,Sweet Birch,Betulaceae,X10163,U
BBG,Native Flora Garden,Betula,lenta,Sweet Birch,Betulaceae,X10164,U
BBG,Bonsai,Betula,lenta subsp. uber,Virginia Roundleaf Birch,Betulaceae,20080647,G
BBG,Nursery,Betula,litwinowii,,Betulaceae,20130674,W
BBG,Boundary Plantings,Betula,mandshurica var. japonica,Japanese White Birch,Betulaceae,20001361,W
BBG,Japanese Hill-and-Pond Garden,Betula,mandshurica var. japonica Whitespire',Manchurian Birch,Betulaceae,880090,G
BBG,Nursery,Betula,michauxii,Newfoundland dwarf birch,Betulaceae,20140898,G
BBG,Bonsai,Betula,nigra,River Birch,Betulaceae,20120604,W
BBG,Bonsai,Betula,nigra,River Birch,Betulaceae,20120605,W
BBG,Native Flora Garden,Betula,nigra,River Birch,Betulaceae,X10042,U
BBG,Native Flora Garden,Betula,nigra,River Birch,Betulaceae,X10148,U
BBG,Streetscape,Betula,nigra Heritage',River Birch,Betulaceae,810080,G
BBG,Washington Avenue Borders,Betula,nigra Heritage',River Birch,Betulaceae,890272,G
BBG,Native Flora Garden,Betula,occidentalis,American Red Birch,Betulaceae,X10043,U
BBG,Native Flora Garden,Betula,papyrifera,Paper Birch,Betulaceae,20071074,G
BBG,Bonsai,Betula,papyrifera,Paper Birch,Betulaceae,20120606,W
BBG,Bonsai,Betula,papyrifera,Paper Birch,Betulaceae,20120607,W
BBG,Discovery Garden,Betula,papyrifera,Paper Birch,Betulaceae,20140709,G
BBG,Native Flora Garden,Betula,papyrifera,Paper Birch,Betulaceae,850112,G
BBG,Japanese Hill-and-Pond Garden,Betula,pendula,European White Birch,Betulaceae,20001424,G
BBG,Boundary Plantings,Betula,pendula,European White Birch,Betulaceae,20011241,W
BBG,Boundary Plantings,Betula,pendula,European White Birch,Betulaceae,20011242,G
BBG,Boundary Plantings,Betula,pendula,European White Birch,Betulaceae,991577,W
BBG,Japanese Hill-and-Pond Garden,Betula,pendula,European White Birch,Betulaceae,X01910,U
BBG,Boundary Plantings,Betula,pendula Laciniata',Cutleaf European White Birch,Betulaceae,20020942,G
BBG,Osborne Garden,Betula,pendula Youngii',Young's Weeping Birch,Betulaceae,X02275,U
BBG,Native Flora Garden,Betula,populifolia,Gray Birch,Betulaceae,20000578,G
BBG,Native Flora Garden,Betula,populifolia,Gray Birch,Betulaceae,20001362,W
BBG,Native Flora Garden,Betula,populifolia,Gray Birch,Betulaceae,20041783,W
BBG,Bonsai,Betula,populifolia,Gray Birch,Betulaceae,20120608,W
BBG,Bonsai,Betula,populifolia,Gray Birch,Betulaceae,20120609,W
BBG,Native Flora Garden,Betula,populifolia,Gray Birch,Betulaceae,20120778,W
BBG,Native Flora Garden,Betula,populifolia,Gray Birch,Betulaceae,X02878,U
BBG,Native Flora Garden,Betula,populifolia,Gray Birch,Betulaceae,X02943,U
BBG,Native Flora Garden,Betula,populifolia,Gray Birch,Betulaceae,X10007,U
BBG,Native Flora Garden,Betula,populifolia,Gray Birch,Betulaceae,X10008,U
BBG,Native Flora Garden,Betula,populifolia,Gray Birch,Betulaceae,X10009,U
BBG,Native Flora Garden,Betula,populifolia,Gray Birch,Betulaceae,X10015,U
BBG,Native Flora Garden,Betula,populifolia,Gray Birch,Betulaceae,X10218,U
BBG,Native Flora Garden,Betula,populifolia,Gray Birch,Betulaceae,X10219,U
BBG,Native Flora Garden,Betula,populifolia,Gray Birch,Betulaceae,X10220,U
BBG,Native Flora Garden,Betula,populifolia,Gray Birch,Betulaceae,X10237,U
BBG,Visitor Center,Betula,populifolia Whitespire',Gray Birch,Betulaceae,20120194,G
BBG,Boundary Plantings,Betula,procurva,,Betulaceae,20061345,W
BBG,Boundary Plantings,Betula,pubescens,White Birch,Betulaceae,20001363,W
BBG,Boundary Plantings,Betula,pubescens,White Birch,Betulaceae,20011199,G
BBG,Boundary Plantings,Betula,pubescens,White Birch,Betulaceae,20011201,G
BBG,Boundary Plantings,Betula,pubescens,White Birch,Betulaceae,20020884,G
BBG,Boundary Plantings,Betula,schmidtii,Birch,Betulaceae,800698,W
BBG,Nursery,Citrus,aurantiifolia,Key Lime,Rutaceae,20120841,G
BBG,Nursery,Citrus,aurantiifolia,Key Lime,Rutaceae,20161120,G
BBG,Bonsai,Citrus,aurantiifolia,Key Lime,Rutaceae,820697,G
BBG,Education Greenhouse,Citrus,× aurantium,Seville Orange,Rutaceae,20020954,G
BBG,Nursery,Citrus,× aurantium (Grapefruit Group) Duncan',Duncan Grapefruit,Rutaceae,20120843,G
BBG,Nursery,Citrus,× aurantium (Grapefruit Group) Oroblanco',Sweetie™ Grapefruit,Rutaceae,20120839,G
BBG,Warm Temperate Pavilion,Citrus,× aurantium Myrtifolia',Myrtle-Leaved Sour Orange,Rutaceae,840793,G
BBG,Nursery,Citrus,× aurantium Tangelo Group,Tangelo,Rutaceae,20161124,G
BBG,Nursery,Citrus,× aurantium (Tangelo Group) Orlando',Tangelo,Rutaceae,20120840,G
BBG,Nursery,Citrus,× aurantium (Tangelo Group) Page',Tangelo,Rutaceae,20170784,G
BBG,Greenhouse Workhouses,Citrus,australasica,Austalian Finger Lime,Rutaceae,20161112,G
BBG,Greenhouse Workhouses,Citrus,australasica var. sanguinea,Austalian Finger Lime,Rutaceae,20161328,G
BBG,Nursery,Citrus,clementina,Clementine Orange,Rutaceae,20161119,G
BBG,Nursery,Citrus,cv.,Orange,Rutaceae,20141147,G
BBG,Nursery,Citrus,× floridana,Limequat,Rutaceae,20120844,G
BBG,Nursery,Citrus,hystrix,Ma-Grud,Rutaceae,20161114,G
BBG,Nursery,Citrus,japonica,Round Kumquat,Rutaceae,990337,G
BBG,Greenhouse Workhouses,Citrus,japonica Fukushu',Changshou Kumquat,Rutaceae,20180100,G
BBG,Greenhouse Workhouses,Citrus,japonica Meiwa',Sweet Kumquat,Rutaceae,20180099,G
BBG,Nursery,Citrus,× latifolia,Persian Lime,Rutaceae,20161122,G
BBG,Nursery,Citrus,× latifolia,Persian Lime,Rutaceae,990336,G
BBG,Bonsai,Citrus,limon,Lemon,Rutaceae,X00771,U
BBG,Nursery,Citrus,limon Eureka',Eureka Lemon,Rutaceae,20161123,G
BBG,Nursery,Citrus,limon Genoa',Lemon,Rutaceae,20161113,G
BBG,Greenhouse Workhouses,Citrus,× limon Meyer',Meyer Lemon,Rutaceae,20180097,G
BBG,Nursery,Citrus,× limon Ponderosa',Ponderosa Lemon,Rutaceae,20120842,G
BBG,Bonsai,Citrus,× limonia,Otaheite Orange,Rutaceae,X00763,U
BBG,Bonsai,Citrus,× limonia,Otaheite Orange,Rutaceae,X00774,U
BBG,Bonsai,Citrus,× limonia,Otaheite Orange,Rutaceae,X00779,U
BBG,Nursery,Citrus,medica,Citron,Rutaceae,20141206,G
BBG,Nursery,Citrus,medica,Citron,Rutaceae,20141207,G
BBG,Nursery,Citrus,medica Fingered',Buddah's Hand,Rutaceae,20161118,G
BBG,Greenhouse Workhouses,Citrus,medica Fingered',Buddah's Hand,Rutaceae,20180098,G
BBG,Warm Temperate Pavilion,Citrus,medica Trenj',Citron,Rutaceae,20051255,G
BBG,Nursery,Citrus,Melogold',Grapefruit,Rutaceae,20161115,G
BBG,Education Greenhouse,Citrus,× meyeri,Meyer Lemon,Rutaceae,20020956,G
BBG,Nursery,Citrus,reticulata,Mandarin Orange,Rutaceae,990338,G
BBG,Nursery,Citrus,reticulata Owari',Mandarin Orange,Rutaceae,20161121,G
BBG,Nursery,Citrus,sinensis,Sweet Orange,Rutaceae,20161117,G
BBG,Nursery,Citrus,sinensis Cara Cara',Navel Orange,Rutaceae,20170783,G
BBG,Nursery,Citrus,Yuzu',,Rutaceae,20061126,G